id;province_id;city_id;city_name
1;1;110101;东城区
2;1;110102;西城区
3;1;110105;朝阳区
4;1;110106;丰台区
5;1;110107;石景山区
6;1;110108;海淀区
7;1;110109;门头沟区
8;1;110111;房山区
9;1;110112;通州区
10;1;110113;顺义区
11;1;110114;昌平区
12;1;110115;大兴区
13;1;110116;怀柔区
14;1;110117;平谷区
15;1;110228;密云县
16;1;110229;延庆县
17;2;120101;和平区
18;2;120102;河东区
19;2;120103;河西区
20;2;120104;南开区
21;2;120105;河北区
22;2;120106;红桥区
23;2;120110;东丽区
24;2;120111;西青区
25;2;120112;津南区
26;2;120113;北辰区
27;2;120114;武清区
28;2;120115;宝坻区
29;2;120116;滨海新区
30;2;120221;宁河县
31;2;120223;静海县
32;2;120225;蓟县
33;3;130100;石家庄市
34;3;130102;长安区
35;3;130103;桥东区
36;3;130104;桥西区
37;3;130105;新华区
38;3;130107;井陉矿区
39;3;130108;裕华区
40;3;130121;井陉县
41;3;130123;正定县
42;3;130124;栾城县
43;3;130125;行唐县
44;3;130126;灵寿县
45;3;130127;高邑县
46;3;130128;深泽县
47;3;130129;赞皇县
48;3;130130;无极县
49;3;130131;平山县
50;3;130132;元氏县
51;3;130133;赵县
52;3;130181;辛集市
53;3;130182;藁城市
54;3;130183;晋州市
55;3;130184;新乐市
56;3;130185;鹿泉市
57;3;130200;唐山市
58;3;130202;路南区
59;3;130203;路北区
60;3;130204;古冶区
61;3;130205;开平区
62;3;130207;丰南区
63;3;130208;丰润区
64;3;130209;曹妃甸区
65;3;130223;滦县
66;3;130224;滦南县
67;3;130225;乐亭县
68;3;130227;迁西县
69;3;130229;玉田县
70;3;130281;遵化市
71;3;130283;迁安市
72;3;130300;秦皇岛市
73;3;130302;海港区
74;3;130303;山海关区
75;3;130304;北戴河区
76;3;130321;青龙满族自治县
77;3;130322;昌黎县
78;3;130323;抚宁县
79;3;130324;卢龙县
80;3;130400;邯郸市
81;3;130402;邯山区
82;3;130403;丛台区
83;3;130404;复兴区
84;3;130406;峰峰矿区
85;3;130421;邯郸县
86;3;130423;临漳县
87;3;130424;成安县
88;3;130425;大名县
89;3;130426;涉县
90;3;130427;磁县
91;3;130428;肥乡县
92;3;130429;永年县
93;3;130430;邱县
94;3;130431;鸡泽县
95;3;130432;广平县
96;3;130433;馆陶县
97;3;130434;魏县
98;3;130435;曲周县
99;3;130481;武安市
100;3;130500;邢台市
101;3;130502;桥东区
102;3;130503;桥西区
103;3;130521;邢台县
104;3;130522;临城县
105;3;130523;内丘县
106;3;130524;柏乡县
107;3;130525;隆尧县
108;3;130526;任县
109;3;130527;南和县
110;3;130528;宁晋县
111;3;130529;巨鹿县
112;3;130530;新河县
113;3;130531;广宗县
114;3;130532;平乡县
115;3;130533;威县
116;3;130534;清河县
117;3;130535;临西县
118;3;130581;南宫市
119;3;130582;沙河市
120;3;130600;保定市
121;3;130602;新市区
122;3;130603;北市区
123;3;130604;南市区
124;3;130621;满城县
125;3;130622;清苑县
126;3;130623;涞水县
127;3;130624;阜平县
128;3;130625;徐水县
129;3;130626;定兴县
130;3;130627;唐县
131;3;130628;高阳县
132;3;130629;容城县
133;3;130630;涞源县
134;3;130631;望都县
135;3;130632;安新县
136;3;130633;易县
137;3;130634;曲阳县
138;3;130635;蠡县
139;3;130636;顺平县
140;3;130637;博野县
141;3;130638;雄县
142;3;130681;涿州市
143;3;130682;定州市
144;3;130683;安国市
145;3;130684;高碑店市
146;3;130700;张家口市
147;3;130702;桥东区
148;3;130703;桥西区
149;3;130705;宣化区
150;3;130706;下花园区
151;3;130721;宣化县
152;3;130722;张北县
153;3;130723;康保县
154;3;130724;沽源县
155;3;130725;尚义县
156;3;130726;蔚县
157;3;130727;阳原县
158;3;130728;怀安县
159;3;130729;万全县
160;3;130730;怀来县
161;3;130731;涿鹿县
162;3;130732;赤城县
163;3;130733;崇礼县
164;3;130800;承德市
165;3;130802;双桥区
166;3;130803;双滦区
167;3;130804;鹰手营子矿区
168;3;130821;承德县
169;3;130822;兴隆县
170;3;130823;平泉县
171;3;130824;滦平县
172;3;130825;隆化县
173;3;130826;丰宁满族自治县
174;3;130827;宽城满族自治县
175;3;130828;围场满族蒙古族自治县
176;3;130900;沧州市
177;3;130902;新华区
178;3;130903;运河区
179;3;130921;沧县
180;3;130922;青县
181;3;130923;东光县
182;3;130924;海兴县
183;3;130925;盐山县
184;3;130926;肃宁县
185;3;130927;南皮县
186;3;130928;吴桥县
187;3;130929;献县
188;3;130930;孟村回族自治县
189;3;130981;泊头市
190;3;130982;任丘市
191;3;130983;黄骅市
192;3;130984;河间市
193;3;131000;廊坊市
194;3;131002;安次区
195;3;131003;广阳区
196;3;131022;固安县
197;3;131023;永清县
198;3;131024;香河县
199;3;131025;大城县
200;3;131026;文安县
201;3;131028;大厂回族自治县
202;3;131081;霸州市
203;3;131082;三河市
204;3;131100;衡水市
205;3;131102;桃城区
206;3;131121;枣强县
207;3;131122;武邑县
208;3;131123;武强县
209;3;131124;饶阳县
210;3;131125;安平县
211;3;131126;故城县
212;3;131127;景县
213;3;131128;阜城县
214;3;131181;冀州市
215;3;131182;深州市
216;4;140100;太原市
217;4;140105;小店区
218;4;140106;迎泽区
219;4;140107;杏花岭区
220;4;140108;尖草坪区
221;4;140109;万柏林区
222;4;140110;晋源区
223;4;140121;清徐县
224;4;140122;阳曲县
225;4;140123;娄烦县
226;4;140181;古交市
227;4;140200;大同市
228;4;140203;矿区
229;4;140211;南郊区
230;4;140212;新荣区
231;4;140221;阳高县
232;4;140222;天镇县
233;4;140223;广灵县
234;4;140224;灵丘县
235;4;140225;浑源县
236;4;140226;左云县
237;4;140227;大同县
238;4;140300;阳泉市
239;4;140303;矿区
240;4;140311;郊区
241;4;140321;平定县
242;4;140322;盂县
243;4;140400;长治市
244;4;140411;郊区
245;4;140421;长治县
246;4;140423;襄垣县
247;4;140424;屯留县
248;4;140425;平顺县
249;4;140426;黎城县
250;4;140427;壶关县
251;4;140428;长子县
252;4;140429;武乡县
253;4;140430;沁县
254;4;140431;沁源县
255;4;140481;潞城市
256;4;140500;晋城市
257;4;140501;晋城市市辖区
258;4;140521;沁水县
259;4;140522;阳城县
260;4;140524;陵川县
261;4;140525;泽州县
262;4;140581;高平市
263;4;140600;朔州市
264;4;140602;朔城区
265;4;140603;平鲁区
266;4;140621;山阴县
267;4;140622;应县
268;4;140623;右玉县
269;4;140624;怀仁县
270;4;140700;晋中市
271;4;140702;榆次区
272;4;140721;榆社县
273;4;140722;左权县
274;4;140723;和顺县
275;4;140724;昔阳县
276;4;140725;寿阳县
277;4;140726;太谷县
278;4;140727;祁县
279;4;140728;平遥县
280;4;140729;灵石县
281;4;140781;介休市
282;4;140800;运城市
283;4;140802;盐湖区
284;4;140821;临猗县
285;4;140822;万荣县
286;4;140823;闻喜县
287;4;140824;稷山县
288;4;140825;新绛县
289;4;140826;绛县
290;4;140827;垣曲县
291;4;140828;夏县
292;4;140829;平陆县
293;4;140830;芮城县
294;4;140881;永济市
295;4;140882;河津市
296;4;140900;忻州市
297;4;140902;忻府区
298;4;140921;定襄县
299;4;140922;五台县
300;4;140923;代县
301;4;140924;繁峙县
302;4;140925;宁武县
303;4;140926;静乐县
304;4;140927;神池县
305;4;140928;五寨县
306;4;140929;岢岚县
307;4;140930;河曲县
308;4;140931;保德县
309;4;140932;偏关县
310;4;140981;原平市
311;4;141000;临汾市
312;4;141002;尧都区
313;4;141021;曲沃县
314;4;141022;翼城县
315;4;141023;襄汾县
316;4;141024;洪洞县
317;4;141025;古县
318;4;141026;安泽县
319;4;141027;浮山县
320;4;141028;吉县
321;4;141029;乡宁县
322;4;141030;大宁县
323;4;141031;隰县
324;4;141032;永和县
325;4;141033;蒲县
326;4;141034;汾西县
327;4;141081;侯马市
328;4;141082;霍州市
329;4;141100;吕梁市
330;4;141102;离石区
331;4;141121;文水县
332;4;141122;交城县
333;4;141123;兴县
334;4;141124;临县
335;4;141125;柳林县
336;4;141126;石楼县
337;4;141127;岚县
338;4;141128;方山县
339;4;141129;中阳县
340;4;141130;交口县
341;4;141181;孝义市
342;4;141182;汾阳市
343;5;150100;呼和浩特市
344;5;150102;新城区
345;5;150103;回民区
346;5;150104;玉泉区
347;5;150105;赛罕区
348;5;150121;土默特左旗
349;5;150122;托克托县
350;5;150123;和林格尔县
351;5;150124;清水河县
352;5;150125;武川县
353;5;150200;包头市
354;5;150202;东河区
355;5;150203;昆都仑区
356;5;150204;青山区
357;5;150205;石拐区
358;5;150206;白云鄂博矿区
359;5;150207;九原区
360;5;150221;土默特右旗
361;5;150222;固阳县
362;5;150223;达尔罕茂明安联合旗
363;5;150300;乌海市
364;5;150302;海勃湾区
365;5;150303;海南区
366;5;150304;乌达区
367;5;150400;赤峰市
368;5;150402;红山区
369;5;150403;元宝山区
370;5;150404;松山区
371;5;150421;阿鲁科尔沁旗
372;5;150422;巴林左旗
373;5;150423;巴林右旗
374;5;150424;林西县
375;5;150425;克什克腾旗
376;5;150426;翁牛特旗
377;5;150428;喀喇沁旗
378;5;150429;宁城县
379;5;150430;敖汉旗
380;5;150500;通辽市
381;5;150502;科尔沁区
382;5;150521;科尔沁左翼中旗
383;5;150522;科尔沁左翼后旗
384;5;150523;开鲁县
385;5;150524;库伦旗
386;5;150525;奈曼旗
387;5;150526;扎鲁特旗
388;5;150581;霍林郭勒市
389;5;150600;鄂尔多斯市
390;5;150602;东胜区
391;5;150621;达拉特旗
392;5;150622;准格尔旗
393;5;150623;鄂托克前旗
394;5;150624;鄂托克旗
395;5;150625;杭锦旗
396;5;150626;乌审旗
397;5;150627;伊金霍洛旗
398;5;150700;呼伦贝尔市
399;5;150702;海拉尔区
400;5;150721;阿荣旗
401;5;150722;莫力达瓦达斡尔族自治旗
402;5;150723;鄂伦春自治旗
403;5;150724;鄂温克族自治旗
404;5;150725;陈巴尔虎旗
405;5;150726;新巴尔虎左旗
406;5;150727;新巴尔虎右旗
407;5;150781;满洲里市
408;5;150782;牙克石市
409;5;150783;扎兰屯市
410;5;150784;额尔古纳市
411;5;150785;根河市
412;5;150800;巴彦淖尔市
413;5;150802;临河区
414;5;150821;五原县
415;5;150822;磴口县
416;5;150823;乌拉特前旗
417;5;150824;乌拉特中旗
418;5;150825;乌拉特后旗
419;5;150826;杭锦后旗
420;5;150900;乌兰察布市
421;5;150902;集宁区
422;5;150921;卓资县
423;5;150922;化德县
424;5;150923;商都县
425;5;150924;兴和县
426;5;150925;凉城县
427;5;150926;察哈尔右翼前旗
428;5;150927;察哈尔右翼中旗
429;5;150928;察哈尔右翼后旗
430;5;150929;四子王旗
431;5;150981;丰镇市
432;5;152200;兴安盟
433;5;152201;乌兰浩特市
434;5;152202;阿尔山市
435;5;152221;科尔沁右翼前旗
436;5;152222;科尔沁右翼中旗
437;5;152223;扎赉特旗
438;5;152224;突泉县
439;5;152500;锡林郭勒盟
440;5;152501;二连浩特市
441;5;152502;锡林浩特市
442;5;152522;阿巴嘎旗
443;5;152523;苏尼特左旗
444;5;152524;苏尼特右旗
445;5;152525;东乌珠穆沁旗
446;5;152526;西乌珠穆沁旗
447;5;152527;太仆寺旗
448;5;152528;镶黄旗
449;5;152529;正镶白旗
450;5;152530;正蓝旗
451;5;152531;多伦县
452;5;152900;阿拉善盟
453;5;152921;阿拉善左旗
454;5;152922;阿拉善右旗
455;5;152923;额济纳旗
456;6;210100;沈阳市
457;6;210102;和平区
458;6;210103;沈河区
459;6;210104;大东区
460;6;210105;皇姑区
461;6;210106;铁西区
462;6;210111;苏家屯区
463;6;210112;东陵区
464;6;210113;沈北新区
465;6;210114;于洪区
466;6;210122;辽中县
467;6;210123;康平县
468;6;210124;法库县
469;6;210181;新民市
470;6;210200;大连市
471;6;210202;中山区
472;6;210203;西岗区
473;6;210204;沙河口区
474;6;210211;甘井子区
475;6;210212;旅顺口区
476;6;210213;金州区
477;6;210224;长海县
478;6;210281;瓦房店市
479;6;210282;普兰店市
480;6;210283;庄河市
481;6;210300;鞍山市
482;6;210302;铁东区
483;6;210303;铁西区
484;6;210304;立山区
485;6;210311;千山区
486;6;210321;台安县
487;6;210323;岫岩满族自治县
488;6;210381;海城市
489;6;210400;抚顺市
490;6;210402;新抚区
491;6;210403;东洲区
492;6;210404;望花区
493;6;210411;顺城区
494;6;210421;抚顺县
495;6;210422;新宾满族自治县
496;6;210423;清原满族自治县
497;6;210500;本溪市
498;6;210502;平山区
499;6;210503;溪湖区
500;6;210504;明山区
501;6;210505;南芬区
502;6;210521;本溪满族自治县
503;6;210522;桓仁满族自治县
504;6;210600;丹东市
505;6;210602;元宝区
506;6;210603;振兴区
507;6;210604;振安区
508;6;210624;宽甸满族自治县
509;6;210681;东港市
510;6;210682;凤城市
511;6;210700;锦州市
512;6;210702;古塔区
513;6;210703;凌河区
514;6;210711;太和区
515;6;210726;黑山县
516;6;210727;义县
517;6;210781;凌海市
518;6;210782;北镇市
519;6;210800;营口市
520;6;210802;站前区
521;6;210803;西市区
522;6;210804;鲅鱼圈区
523;6;210811;老边区
524;6;210881;盖州市
525;6;210882;大石桥市
526;6;210900;阜新市
527;6;210902;海州区
528;6;210903;新邱区
529;6;210904;太平区
530;6;210905;清河门区
531;6;210911;细河区
532;6;210921;阜新蒙古族自治县
533;6;210922;彰武县
534;6;211000;辽阳市
535;6;211002;白塔区
536;6;211003;文圣区
537;6;211004;宏伟区
538;6;211005;弓长岭区
539;6;211011;太子河区
540;6;211021;辽阳县
541;6;211081;灯塔市
542;6;211100;盘锦市
543;6;211102;双台子区
544;6;211103;兴隆台区
545;6;211121;大洼县
546;6;211122;盘山县
547;6;211200;铁岭市
548;6;211202;银州区
549;6;211204;清河区
550;6;211221;铁岭县
551;6;211223;西丰县
552;6;211224;昌图县
553;6;211281;调兵山市
554;6;211282;开原市
555;6;211300;朝阳市
556;6;211302;双塔区
557;6;211303;龙城区
558;6;211321;朝阳县
559;6;211322;建平县
560;6;211324;喀喇沁左翼蒙古族自治县
561;6;211381;北票市
562;6;211382;凌源市
563;6;211400;葫芦岛市
564;6;211402;连山区
565;6;211403;龙港区
566;6;211404;南票区
567;6;211421;绥中县
568;6;211422;建昌县
569;6;211481;兴城市
570;7;220100;长春市
571;7;220102;南关区
572;7;220103;宽城区
573;7;220104;朝阳区
574;7;220105;二道区
575;7;220106;绿园区
576;7;220112;双阳区
577;7;220122;农安县
578;7;220181;九台市
579;7;220182;榆树市
580;7;220183;德惠市
581;7;220200;吉林市
582;7;220202;昌邑区
583;7;220203;龙潭区
584;7;220204;船营区
585;7;220211;丰满区
586;7;220221;永吉县
587;7;220281;蛟河市
588;7;220282;桦甸市
589;7;220283;舒兰市
590;7;220284;磐石市
591;7;220300;四平市
592;7;220302;铁西区
593;7;220303;铁东区
594;7;220322;梨树县
595;7;220323;伊通满族自治县
596;7;220381;公主岭市
597;7;220382;双辽市
598;7;220400;辽源市
599;7;220402;龙山区
600;7;220403;西安区
601;7;220421;东丰县
602;7;220422;东辽县
603;7;220500;通化市
604;7;220502;东昌区
605;7;220503;二道江区
606;7;220521;通化县
607;7;220523;辉南县
608;7;220524;柳河县
609;7;220581;梅河口市
610;7;220582;集安市
611;7;220600;白山市
612;7;220602;浑江区
613;7;220605;江源区
614;7;220621;抚松县
615;7;220622;靖宇县
616;7;220623;长白朝鲜族自治县
617;7;220681;临江市
618;7;220700;松原市
619;7;220702;宁江区
620;7;220721;前郭尔罗斯蒙古族自治县
621;7;220722;长岭县
622;7;220723;乾安县
623;7;220724;扶余县
624;7;220800;白城市
625;7;220802;洮北区
626;7;220821;镇赉县
627;7;220822;通榆县
628;7;220881;洮南市
629;7;220882;大安市
630;7;222400;延边朝鲜族自治州
631;7;222401;延吉市
632;7;222402;图们市
633;7;222403;敦化市
634;7;222404;珲春市
635;7;222405;龙井市
636;7;222406;和龙市
637;7;222424;汪清县
638;7;222426;安图县
639;8;230100;哈尔滨市
640;8;230102;道里区
641;8;230103;南岗区
642;8;230104;道外区
643;8;230108;平房区
644;8;230109;松北区
645;8;230110;香坊区
646;8;230111;呼兰区
647;8;230112;阿城区
648;8;230123;依兰县
649;8;230124;方正县
650;8;230125;宾县
651;8;230126;巴彦县
652;8;230127;木兰县
653;8;230128;通河县
654;8;230129;延寿县
655;8;230182;双城市
656;8;230183;尚志市
657;8;230184;五常市
658;8;230200;齐齐哈尔市
659;8;230202;龙沙区
660;8;230203;建华区
661;8;230204;铁锋区
662;8;230205;昂昂溪区
663;8;230206;富拉尔基区
664;8;230207;碾子山区
665;8;230208;梅里斯达斡尔族区
666;8;230221;龙江县
667;8;230223;依安县
668;8;230224;泰来县
669;8;230225;甘南县
670;8;230227;富裕县
671;8;230229;克山县
672;8;230230;克东县
673;8;230231;拜泉县
674;8;230281;讷河市
675;8;230300;鸡西市
676;8;230302;鸡冠区
677;8;230303;恒山区
678;8;230304;滴道区
679;8;230305;梨树区
680;8;230306;城子河区
681;8;230307;麻山区
682;8;230321;鸡东县
683;8;230381;虎林市
684;8;230382;密山市
685;8;230400;鹤岗市
686;8;230402;向阳区
687;8;230403;工农区
688;8;230404;南山区
689;8;230405;兴安区
690;8;230406;东山区
691;8;230407;兴山区
692;8;230421;萝北县
693;8;230422;绥滨县
694;8;230500;双鸭山市
695;8;230502;尖山区
696;8;230503;岭东区
697;8;230505;四方台区
698;8;230506;宝山区
699;8;230521;集贤县
700;8;230522;友谊县
701;8;230523;宝清县
702;8;230524;饶河县
703;8;230600;大庆市
704;8;230602;萨尔图区
705;8;230603;龙凤区
706;8;230604;让胡路区
707;8;230605;红岗区
708;8;230606;大同区
709;8;230621;肇州县
710;8;230622;肇源县
711;8;230623;林甸县
712;8;230624;杜尔伯特蒙古族自治县
713;8;230700;伊春市
714;8;230702;伊春区
715;8;230703;南岔区
716;8;230704;友好区
717;8;230705;西林区
718;8;230706;翠峦区
719;8;230707;新青区
720;8;230708;美溪区
721;8;230709;金山屯区
722;8;230710;五营区
723;8;230711;乌马河区
724;8;230712;汤旺河区
725;8;230713;带岭区
726;8;230714;乌伊岭区
727;8;230715;红星区
728;8;230716;上甘岭区
729;8;230722;嘉荫县
730;8;230781;铁力市
731;8;230800;佳木斯市
732;8;230803;向阳区
733;8;230804;前进区
734;8;230805;东风区
735;8;230811;郊区
736;8;230822;桦南县
737;8;230826;桦川县
738;8;230828;汤原县
739;8;230833;抚远县
740;8;230881;同江市
741;8;230882;富锦市
742;8;230900;七台河市
743;8;230902;新兴区
744;8;230903;桃山区
745;8;230904;茄子河区
746;8;230921;勃利县
747;8;231000;牡丹江市
748;8;231002;东安区
749;8;231003;阳明区
750;8;231004;爱民区
751;8;231005;西安区
752;8;231024;东宁县
753;8;231025;林口县
754;8;231081;绥芬河市
755;8;231083;海林市
756;8;231084;宁安市
757;8;231085;穆棱市
758;8;231100;黑河市
759;8;231102;爱辉区
760;8;231121;嫩江县
761;8;231123;逊克县
762;8;231124;孙吴县
763;8;231181;北安市
764;8;231182;五大连池市
765;8;231200;绥化市
766;8;231202;北林区
767;8;231221;望奎县
768;8;231222;兰西县
769;8;231223;青冈县
770;8;231224;庆安县
771;8;231225;明水县
772;8;231226;绥棱县
773;8;231281;安达市
774;8;231282;肇东市
775;8;231283;海伦市
776;8;232700;大兴安岭地区
777;8;232721;呼玛县
778;8;232722;塔河县
779;8;232723;漠河县
780;9;310101;黄浦区
781;9;310104;徐汇区
782;9;310105;长宁区
783;9;310106;静安区
784;9;310107;普陀区
785;9;310108;闸北区
786;9;310109;虹口区
787;9;310110;杨浦区
788;9;310112;闵行区
789;9;310113;宝山区
790;9;310114;嘉定区
791;9;310115;浦东新区
792;9;310116;金山区
793;9;310117;松江区
794;9;310118;青浦区
795;9;310120;奉贤区
796;9;310230;崇明县
797;10;320100;南京市
798;10;320102;玄武区
799;10;320103;白下区
800;10;320104;秦淮区
801;10;320105;建邺区
802;10;320106;鼓楼区
803;10;320107;下关区
804;10;320111;浦口区
805;10;320113;栖霞区
806;10;320114;雨花台区
807;10;320115;江宁区
808;10;320116;六合区
809;10;320124;溧水县
810;10;320125;高淳县
811;10;320200;无锡市
812;10;320202;崇安区
813;10;320203;南长区
814;10;320204;北塘区
815;10;320205;锡山区
816;10;320206;惠山区
817;10;320211;滨湖区
818;10;320281;江阴市
819;10;320282;宜兴市
820;10;320300;徐州市
821;10;320302;鼓楼区
822;10;320303;云龙区
823;10;320305;贾汪区
824;10;320311;泉山区
825;10;320312;铜山区
826;10;320321;丰县
827;10;320322;沛县
828;10;320324;睢宁县
829;10;320381;新沂市
830;10;320382;邳州市
831;10;320400;常州市
832;10;320402;天宁区
833;10;320404;钟楼区
834;10;320405;戚墅堰区
835;10;320411;新北区
836;10;320412;武进区
837;10;320481;溧阳市
838;10;320482;金坛市
839;10;320500;苏州市
840;10;320505;虎丘区
841;10;320506;吴中区
842;10;320507;相城区
843;10;320508;姑苏区
844;10;320509;吴江区
845;10;320581;常熟市
846;10;320582;张家港市
847;10;320583;昆山市
848;10;320585;太仓市
849;10;320600;南通市
850;10;320602;崇川区
851;10;320611;港闸区
852;10;320612;通州区
853;10;320621;海安县
854;10;320623;如东县
855;10;320681;启东市
856;10;320682;如皋市
857;10;320684;海门市
858;10;320700;连云港市
859;10;320703;连云区
860;10;320705;新浦区
861;10;320706;海州区
862;10;320721;赣榆县
863;10;320722;东海县
864;10;320723;灌云县
865;10;320724;灌南县
866;10;320800;淮安市
867;10;320802;清河区
868;10;320803;淮安区
869;10;320804;淮阴区
870;10;320811;清浦区
871;10;320826;涟水县
872;10;320829;洪泽县
873;10;320830;盱眙县
874;10;320831;金湖县
875;10;320900;盐城市
876;10;320902;亭湖区
877;10;320903;盐都区
878;10;320921;响水县
879;10;320922;滨海县
880;10;320923;阜宁县
881;10;320924;射阳县
882;10;320925;建湖县
883;10;320981;东台市
884;10;320982;大丰市
885;10;321000;扬州市
886;10;321002;广陵区
887;10;321003;邗江区
888;10;321012;江都区
889;10;321023;宝应县
890;10;321081;仪征市
891;10;321084;高邮市
892;10;321100;镇江市
893;10;321102;京口区
894;10;321111;润州区
895;10;321112;丹徒区
896;10;321181;丹阳市
897;10;321182;扬中市
898;10;321183;句容市
899;10;321200;泰州市
900;10;321202;海陵区
901;10;321203;高港区
902;10;321281;兴化市
903;10;321282;靖江市
904;10;321283;泰兴市
905;10;321284;姜堰市
906;10;321300;宿迁市
907;10;321302;宿城区
908;10;321311;宿豫区
909;10;321322;沭阳县
910;10;321323;泗阳县
911;10;321324;泗洪县
912;11;330100;杭州市
913;11;330102;上城区
914;11;330103;下城区
915;11;330104;江干区
916;11;330105;拱墅区
917;11;330106;西湖区
918;11;330108;滨江区
919;11;330109;萧山区
920;11;330110;余杭区
921;11;330122;桐庐县
922;11;330127;淳安县
923;11;330182;建德市
924;11;330183;富阳市
925;11;330185;临安市
926;11;330200;宁波市
927;11;330203;海曙区
928;11;330204;江东区
929;11;330205;江北区
930;11;330206;北仑区
931;11;330211;镇海区
932;11;330212;鄞州区
933;11;330225;象山县
934;11;330226;宁海县
935;11;330281;余姚市
936;11;330282;慈溪市
937;11;330283;奉化市
938;11;330300;温州市
939;11;330302;鹿城区
940;11;330303;龙湾区
941;11;330304;瓯海区
942;11;330322;洞头县
943;11;330324;永嘉县
944;11;330326;平阳县
945;11;330327;苍南县
946;11;330328;文成县
947;11;330329;泰顺县
948;11;330381;瑞安市
949;11;330382;乐清市
950;11;330400;嘉兴市
951;11;330402;南湖区
952;11;330411;秀洲区
953;11;330421;嘉善县
954;11;330424;海盐县
955;11;330481;海宁市
956;11;330482;平湖市
957;11;330483;桐乡市
958;11;330500;湖州市
959;11;330502;吴兴区
960;11;330503;南浔区
961;11;330521;德清县
962;11;330522;长兴县
963;11;330523;安吉县
964;11;330600;绍兴市
965;11;330602;越城区
966;11;330621;绍兴县
967;11;330624;新昌县
968;11;330681;诸暨市
969;11;330682;上虞市
970;11;330683;嵊州市
971;11;330700;金华市
972;11;330702;婺城区
973;11;330703;金东区
974;11;330723;武义县
975;11;330726;浦江县
976;11;330727;磐安县
977;11;330781;兰溪市
978;11;330782;义乌市
979;11;330783;东阳市
980;11;330784;永康市
981;11;330800;衢州市
982;11;330802;柯城区
983;11;330803;衢江区
984;11;330822;常山县
985;11;330824;开化县
986;11;330825;龙游县
987;11;330881;江山市
988;11;330900;舟山市
989;11;330902;定海区
990;11;330903;普陀区
991;11;330921;岱山县
992;11;330922;嵊泗县
993;11;331000;台州市
994;11;331002;椒江区
995;11;331003;黄岩区
996;11;331004;路桥区
997;11;331021;玉环县
998;11;331022;三门县
999;11;331023;天台县
1000;11;331024;仙居县
1001;11;331081;温岭市
1002;11;331082;临海市
1003;11;331100;丽水市
1004;11;331102;莲都区
1005;11;331121;青田县
1006;11;331122;缙云县
1007;11;331123;遂昌县
1008;11;331124;松阳县
1009;11;331125;云和县
1010;11;331126;庆元县
1011;11;331127;景宁畲族自治县
1012;11;331181;龙泉市
1013;12;340100;合肥市
1014;12;340102;瑶海区
1015;12;340103;庐阳区
1016;12;340104;蜀山区
1017;12;340111;包河区
1018;12;340121;长丰县
1019;12;340122;肥东县
1020;12;340123;肥西县
1021;12;340124;庐江县
1022;12;340181;巢湖市
1023;12;340200;芜湖市
1024;12;340202;镜湖区
1025;12;340203;弋江区
1026;12;340207;鸠江区
1027;12;340208;三山区
1028;12;340221;芜湖县
1029;12;340222;繁昌县
1030;12;340223;南陵县
1031;12;340225;无为县
1032;12;340300;蚌埠市
1033;12;340302;龙子湖区
1034;12;340303;蚌山区
1035;12;340304;禹会区
1036;12;340311;淮上区
1037;12;340321;怀远县
1038;12;340322;五河县
1039;12;340323;固镇县
1040;12;340400;淮南市
1041;12;340402;大通区
1042;12;340403;田家庵区
1043;12;340404;谢家集区
1044;12;340405;八公山区
1045;12;340406;潘集区
1046;12;340421;凤台县
1047;12;340500;马鞍山市
1048;12;340503;花山区
1049;12;340504;雨山区
1050;12;340506;博望区
1051;12;340521;当涂县
1052;12;340522;含山县
1053;12;340523;和县
1054;12;340600;淮北市
1055;12;340602;杜集区
1056;12;340603;相山区
1057;12;340604;烈山区
1058;12;340621;濉溪县
1059;12;340700;铜陵市
1060;12;340702;铜官山区
1061;12;340703;狮子山区
1062;12;340711;郊区
1063;12;340721;铜陵县
1064;12;340800;安庆市
1065;12;340802;迎江区
1066;12;340803;大观区
1067;12;340811;宜秀区
1068;12;340822;怀宁县
1069;12;340823;枞阳县
1070;12;340824;潜山县
1071;12;340825;太湖县
1072;12;340826;宿松县
1073;12;340827;望江县
1074;12;340828;岳西县
1075;12;340881;桐城市
1076;12;341000;黄山市
1077;12;341002;屯溪区
1078;12;341003;黄山区
1079;12;341004;徽州区
1080;12;341021;歙县
1081;12;341022;休宁县
1082;12;341023;黟县
1083;12;341024;祁门县
1084;12;341100;滁州市
1085;12;341102;琅琊区
1086;12;341103;南谯区
1087;12;341122;来安县
1088;12;341124;全椒县
1089;12;341125;定远县
1090;12;341126;凤阳县
1091;12;341181;天长市
1092;12;341182;明光市
1093;12;341200;阜阳市
1094;12;341202;颍州区
1095;12;341203;颍东区
1096;12;341204;颍泉区
1097;12;341221;临泉县
1098;12;341222;太和县
1099;12;341225;阜南县
1100;12;341226;颍上县
1101;12;341282;界首市
1102;12;341300;宿州市
1103;12;341302;埇桥区
1104;12;341321;砀山县
1105;12;341322;萧县
1106;12;341323;灵璧县
1107;12;341324;泗县
1108;12;341500;六安市
1109;12;341502;金安区
1110;12;341503;裕安区
1111;12;341521;寿县
1112;12;341522;霍邱县
1113;12;341523;舒城县
1114;12;341524;金寨县
1115;12;341525;霍山县
1116;12;341600;亳州市
1117;12;341602;谯城区
1118;12;341621;涡阳县
1119;12;341622;蒙城县
1120;12;341623;利辛县
1121;12;341700;池州市
1122;12;341702;贵池区
1123;12;341721;东至县
1124;12;341722;石台县
1125;12;341723;青阳县
1126;12;341800;宣城市
1127;12;341802;宣州区
1128;12;341821;郎溪县
1129;12;341822;广德县
1130;12;341823;泾县
1131;12;341824;绩溪县
1132;12;341825;旌德县
1133;12;341881;宁国市
1134;13;350100;福州市
1135;13;350102;鼓楼区
1136;13;350103;台江区
1137;13;350104;仓山区
1138;13;350105;马尾区
1139;13;350111;晋安区
1140;13;350121;闽侯县
1141;13;350122;连江县
1142;13;350123;罗源县
1143;13;350124;闽清县
1144;13;350125;永泰县
1145;13;350128;平潭县
1146;13;350181;福清市
1147;13;350182;长乐市
1148;13;350200;厦门市
1149;13;350203;思明区
1150;13;350205;海沧区
1151;13;350206;湖里区
1152;13;350211;集美区
1153;13;350212;同安区
1154;13;350213;翔安区
1155;13;350300;莆田市
1156;13;350302;城厢区
1157;13;350303;涵江区
1158;13;350304;荔城区
1159;13;350305;秀屿区
1160;13;350322;仙游县
1161;13;350400;三明市
1162;13;350402;梅列区
1163;13;350403;三元区
1164;13;350421;明溪县
1165;13;350423;清流县
1166;13;350424;宁化县
1167;13;350425;大田县
1168;13;350426;尤溪县
1169;13;350427;沙县
1170;13;350428;将乐县
1171;13;350429;泰宁县
1172;13;350430;建宁县
1173;13;350481;永安市
1174;13;350500;泉州市
1175;13;350502;鲤城区
1176;13;350503;丰泽区
1177;13;350504;洛江区
1178;13;350505;泉港区
1179;13;350521;惠安县
1180;13;350524;安溪县
1181;13;350525;永春县
1182;13;350526;德化县
1183;13;350527;金门县
1184;13;350581;石狮市
1185;13;350582;晋江市
1186;13;350583;南安市
1187;13;350600;漳州市
1188;13;350602;芗城区
1189;13;350603;龙文区
1190;13;350622;云霄县
1191;13;350623;漳浦县
1192;13;350624;诏安县
1193;13;350625;长泰县
1194;13;350626;东山县
1195;13;350627;南靖县
1196;13;350628;平和县
1197;13;350629;华安县
1198;13;350681;龙海市
1199;13;350700;南平市
1200;13;350702;延平区
1201;13;350721;顺昌县
1202;13;350722;浦城县
1203;13;350723;光泽县
1204;13;350724;松溪县
1205;13;350725;政和县
1206;13;350781;邵武市
1207;13;350782;武夷山市
1208;13;350783;建瓯市
1209;13;350784;建阳市
1210;13;350800;龙岩市
1211;13;350802;新罗区
1212;13;350821;长汀县
1213;13;350822;永定县
1214;13;350823;上杭县
1215;13;350824;武平县
1216;13;350825;连城县
1217;13;350881;漳平市
1218;13;350900;宁德市
1219;13;350902;蕉城区
1220;13;350921;霞浦县
1221;13;350922;古田县
1222;13;350923;屏南县
1223;13;350924;寿宁县
1224;13;350925;周宁县
1225;13;350926;柘荣县
1226;13;350981;福安市
1227;13;350982;福鼎市
1228;14;360100;南昌市
1229;14;360102;东湖区
1230;14;360103;西湖区
1231;14;360104;青云谱区
1232;14;360105;湾里区
1233;14;360111;青山湖区
1234;14;360121;南昌县
1235;14;360122;新建县
1236;14;360123;安义县
1237;14;360124;进贤县
1238;14;360200;景德镇市
1239;14;360202;昌江区
1240;14;360203;珠山区
1241;14;360222;浮梁县
1242;14;360281;乐平市
1243;14;360300;萍乡市
1244;14;360302;安源区
1245;14;360313;湘东区
1246;14;360321;莲花县
1247;14;360322;上栗县
1248;14;360323;芦溪县
1249;14;360400;九江市
1250;14;360402;庐山区
1251;14;360403;浔阳区
1252;14;360421;九江县
1253;14;360423;武宁县
1254;14;360424;修水县
1255;14;360425;永修县
1256;14;360426;德安县
1257;14;360427;星子县
1258;14;360428;都昌县
1259;14;360429;湖口县
1260;14;360430;彭泽县
1261;14;360481;瑞昌市
1262;14;360482;共青城市
1263;14;360500;新余市
1264;14;360502;渝水区
1265;14;360521;分宜县
1266;14;360600;鹰潭市
1267;14;360602;月湖区
1268;14;360622;余江县
1269;14;360681;贵溪市
1270;14;360700;赣州市
1271;14;360702;章贡区
1272;14;360721;赣县
1273;14;360722;信丰县
1274;14;360723;大余县
1275;14;360724;上犹县
1276;14;360725;崇义县
1277;14;360726;安远县
1278;14;360727;龙南县
1279;14;360728;定南县
1280;14;360729;全南县
1281;14;360730;宁都县
1282;14;360731;于都县
1283;14;360732;兴国县
1284;14;360733;会昌县
1285;14;360734;寻乌县
1286;14;360735;石城县
1287;14;360781;瑞金市
1288;14;360782;南康市
1289;14;360800;吉安市
1290;14;360802;吉州区
1291;14;360803;青原区
1292;14;360821;吉安县
1293;14;360822;吉水县
1294;14;360823;峡江县
1295;14;360824;新干县
1296;14;360825;永丰县
1297;14;360826;泰和县
1298;14;360827;遂川县
1299;14;360828;万安县
1300;14;360829;安福县
1301;14;360830;永新县
1302;14;360881;井冈山市
1303;14;360900;宜春市
1304;14;360902;袁州区
1305;14;360921;奉新县
1306;14;360922;万载县
1307;14;360923;上高县
1308;14;360924;宜丰县
1309;14;360925;靖安县
1310;14;360926;铜鼓县
1311;14;360981;丰城市
1312;14;360982;樟树市
1313;14;360983;高安市
1314;14;361000;抚州市
1315;14;361002;临川区
1316;14;361021;南城县
1317;14;361022;黎川县
1318;14;361023;南丰县
1319;14;361024;崇仁县
1320;14;361025;乐安县
1321;14;361026;宜黄县
1322;14;361027;金溪县
1323;14;361028;资溪县
1324;14;361029;东乡县
1325;14;361030;广昌县
1326;14;361100;上饶市
1327;14;361102;信州区
1328;14;361121;上饶县
1329;14;361122;广丰县
1330;14;361123;玉山县
1331;14;361124;铅山县
1332;14;361125;横峰县
1333;14;361126;弋阳县
1334;14;361127;余干县
1335;14;361128;鄱阳县
1336;14;361129;万年县
1337;14;361130;婺源县
1338;14;361181;德兴市
1339;15;370100;济南市
1340;15;370102;历下区
1341;15;370103;市中区
1342;15;370104;槐荫区
1343;15;370105;天桥区
1344;15;370112;历城区
1345;15;370113;长清区
1346;15;370124;平阴县
1347;15;370125;济阳县
1348;15;370126;商河县
1349;15;370181;章丘市
1350;15;370200;青岛市
1351;15;370202;市南区
1352;15;370203;市北区
1353;15;370205;四方区
1354;15;370211;黄岛区
1355;15;370212;崂山区
1356;15;370213;李沧区
1357;15;370214;城阳区
1358;15;370281;胶州市
1359;15;370282;即墨市
1360;15;370283;平度市
1361;15;370284;胶南市
1362;15;370285;莱西市
1363;15;370300;淄博市
1364;15;370302;淄川区
1365;15;370303;张店区
1366;15;370304;博山区
1367;15;370305;临淄区
1368;15;370306;周村区
1369;15;370321;桓台县
1370;15;370322;高青县
1371;15;370323;沂源县
1372;15;370400;枣庄市
1373;15;370402;市中区
1374;15;370403;薛城区
1375;15;370404;峄城区
1376;15;370405;台儿庄区
1377;15;370406;山亭区
1378;15;370481;滕州市
1379;15;370500;东营市
1380;15;370502;东营区
1381;15;370503;河口区
1382;15;370521;垦利县
1383;15;370522;利津县
1384;15;370523;广饶县
1385;15;370600;烟台市
1386;15;370602;芝罘区
1387;15;370611;福山区
1388;15;370612;牟平区
1389;15;370613;莱山区
1390;15;370634;长岛县
1391;15;370681;龙口市
1392;15;370682;莱阳市
1393;15;370683;莱州市
1394;15;370684;蓬莱市
1395;15;370685;招远市
1396;15;370686;栖霞市
1397;15;370687;海阳市
1398;15;370700;潍坊市
1399;15;370702;潍城区
1400;15;370703;寒亭区
1401;15;370704;坊子区
1402;15;370705;奎文区
1403;15;370724;临朐县
1404;15;370725;昌乐县
1405;15;370781;青州市
1406;15;370782;诸城市
1407;15;370783;寿光市
1408;15;370784;安丘市
1409;15;370785;高密市
1410;15;370786;昌邑市
1411;15;370800;济宁市
1412;15;370802;市中区
1413;15;370811;任城区
1414;15;370826;微山县
1415;15;370827;鱼台县
1416;15;370828;金乡县
1417;15;370829;嘉祥县
1418;15;370830;汶上县
1419;15;370831;泗水县
1420;15;370832;梁山县
1421;15;370881;曲阜市
1422;15;370882;兖州市
1423;15;370883;邹城市
1424;15;370900;泰安市
1425;15;370902;泰山区
1426;15;370911;岱岳区
1427;15;370921;宁阳县
1428;15;370923;东平县
1429;15;370982;新泰市
1430;15;370983;肥城市
1431;15;371000;威海市
1432;15;371002;环翠区
1433;15;371081;文登市
1434;15;371082;荣成市
1435;15;371083;乳山市
1436;15;371100;日照市
1437;15;371102;东港区
1438;15;371103;岚山区
1439;15;371121;五莲县
1440;15;371122;莒县
1441;15;371200;莱芜市
1442;15;371202;莱城区
1443;15;371203;钢城区
1444;15;371300;临沂市
1445;15;371302;兰山区
1446;15;371311;罗庄区
1447;15;371312;河东区
1448;15;371321;沂南县
1449;15;371322;郯城县
1450;15;371323;沂水县
1451;15;371324;苍山县
1452;15;371325;费县
1453;15;371326;平邑县
1454;15;371327;莒南县
1455;15;371328;蒙阴县
1456;15;371329;临沭县
1457;15;371400;德州市
1458;15;371402;德城区
1459;15;371421;陵县
1460;15;371422;宁津县
1461;15;371423;庆云县
1462;15;371424;临邑县
1463;15;371425;齐河县
1464;15;371426;平原县
1465;15;371427;夏津县
1466;15;371428;武城县
1467;15;371481;乐陵市
1468;15;371482;禹城市
1469;15;371500;聊城市
1470;15;371502;东昌府区
1471;15;371521;阳谷县
1472;15;371522;莘县
1473;15;371523;茌平县
1474;15;371524;东阿县
1475;15;371525;冠县
1476;15;371526;高唐县
1477;15;371581;临清市
1478;15;371600;滨州市
1479;15;371602;滨城区
1480;15;371621;惠民县
1481;15;371622;阳信县
1482;15;371623;无棣县
1483;15;371624;沾化县
1484;15;371625;博兴县
1485;15;371626;邹平县
1486;15;371700;菏泽市
1487;15;371702;牡丹区
1488;15;371721;曹县
1489;15;371722;单县
1490;15;371723;成武县
1491;15;371724;巨野县
1492;15;371725;郓城县
1493;15;371726;鄄城县
1494;15;371727;定陶县
1495;15;371728;东明县
1496;16;410100;郑州市
1497;16;410102;中原区
1498;16;410103;二七区
1499;16;410104;管城回族区
1500;16;410105;金水区
1501;16;410106;上街区
1502;16;410108;惠济区
1503;16;410122;中牟县
1504;16;410181;巩义市
1505;16;410182;荥阳市
1506;16;410183;新密市
1507;16;410184;新郑市
1508;16;410185;登封市
1509;16;410200;开封市
1510;16;410202;龙亭区
1511;16;410203;顺河回族区
1512;16;410204;鼓楼区
1513;16;410205;禹王台区
1514;16;410211;金明区
1515;16;410221;杞县
1516;16;410222;通许县
1517;16;410223;尉氏县
1518;16;410224;开封县
1519;16;410225;兰考县
1520;16;410300;洛阳市
1521;16;410302;老城区
1522;16;410303;西工区
1523;16;410304;瀍河回族区
1524;16;410305;涧西区
1525;16;410306;吉利区
1526;16;410311;洛龙区
1527;16;410322;孟津县
1528;16;410323;新安县
1529;16;410324;栾川县
1530;16;410325;嵩县
1531;16;410326;汝阳县
1532;16;410327;宜阳县
1533;16;410328;洛宁县
1534;16;410329;伊川县
1535;16;410381;偃师市
1536;16;410400;平顶山市
1537;16;410402;新华区
1538;16;410403;卫东区
1539;16;410404;石龙区
1540;16;410411;湛河区
1541;16;410421;宝丰县
1542;16;410422;叶县
1543;16;410423;鲁山县
1544;16;410425;郏县
1545;16;410481;舞钢市
1546;16;410482;汝州市
1547;16;410500;安阳市
1548;16;410502;文峰区
1549;16;410503;北关区
1550;16;410505;殷都区
1551;16;410506;龙安区
1552;16;410522;安阳县
1553;16;410523;汤阴县
1554;16;410526;滑县
1555;16;410527;内黄县
1556;16;410581;林州市
1557;16;410600;鹤壁市
1558;16;410602;鹤山区
1559;16;410603;山城区
1560;16;410611;淇滨区
1561;16;410621;浚县
1562;16;410622;淇县
1563;16;410700;新乡市
1564;16;410702;红旗区
1565;16;410703;卫滨区
1566;16;410704;凤泉区
1567;16;410711;牧野区
1568;16;410721;新乡县
1569;16;410724;获嘉县
1570;16;410725;原阳县
1571;16;410726;延津县
1572;16;410727;封丘县
1573;16;410728;长垣县
1574;16;410781;卫辉市
1575;16;410782;辉县市
1576;16;410800;焦作市
1577;16;410802;解放区
1578;16;410803;中站区
1579;16;410804;马村区
1580;16;410811;山阳区
1581;16;410821;修武县
1582;16;410822;博爱县
1583;16;410823;武陟县
1584;16;410825;温县
1585;16;410882;沁阳市
1586;16;410883;孟州市
1587;16;410900;濮阳市
1588;16;410902;华龙区
1589;16;410922;清丰县
1590;16;410923;南乐县
1591;16;410926;范县
1592;16;410927;台前县
1593;16;410928;濮阳县
1594;16;411000;许昌市
1595;16;411002;魏都区
1596;16;411023;许昌县
1597;16;411024;鄢陵县
1598;16;411025;襄城县
1599;16;411081;禹州市
1600;16;411082;长葛市
1601;16;411100;漯河市
1602;16;411102;源汇区
1603;16;411103;郾城区
1604;16;411104;召陵区
1605;16;411121;舞阳县
1606;16;411122;临颍县
1607;16;411200;三门峡市
1608;16;411202;湖滨区
1609;16;411221;渑池县
1610;16;411222;陕县
1611;16;411224;卢氏县
1612;16;411281;义马市
1613;16;411282;灵宝市
1614;16;411300;南阳市
1615;16;411302;宛城区
1616;16;411303;卧龙区
1617;16;411321;南召县
1618;16;411322;方城县
1619;16;411323;西峡县
1620;16;411324;镇平县
1621;16;411325;内乡县
1622;16;411326;淅川县
1623;16;411327;社旗县
1624;16;411328;唐河县
1625;16;411329;新野县
1626;16;411330;桐柏县
1627;16;411381;邓州市
1628;16;411400;商丘市
1629;16;411402;梁园区
1630;16;411403;睢阳区
1631;16;411421;民权县
1632;16;411422;睢县
1633;16;411423;宁陵县
1634;16;411424;柘城县
1635;16;411425;虞城县
1636;16;411426;夏邑县
1637;16;411481;永城市
1638;16;411500;信阳市
1639;16;411502;浉河区
1640;16;411503;平桥区
1641;16;411521;罗山县
1642;16;411522;光山县
1643;16;411523;新县
1644;16;411524;商城县
1645;16;411525;固始县
1646;16;411526;潢川县
1647;16;411527;淮滨县
1648;16;411528;息县
1649;16;411600;周口市
1650;16;411602;川汇区
1651;16;411621;扶沟县
1652;16;411622;西华县
1653;16;411623;商水县
1654;16;411624;沈丘县
1655;16;411625;郸城县
1656;16;411626;淮阳县
1657;16;411627;太康县
1658;16;411628;鹿邑县
1659;16;411681;项城市
1660;16;411700;驻马店市
1661;16;411702;驿城区
1662;16;411721;西平县
1663;16;411722;上蔡县
1664;16;411723;平舆县
1665;16;411724;正阳县
1666;16;411725;确山县
1667;16;411726;泌阳县
1668;16;411727;汝南县
1669;16;411728;遂平县
1670;16;411729;新蔡县
1671;16;419001;济源市
1672;17;420100;武汉市
1673;17;420102;江岸区
1674;17;420103;江汉区
1675;17;420104;硚口区
1676;17;420105;汉阳区
1677;17;420106;武昌区
1678;17;420107;青山区
1679;17;420111;洪山区
1680;17;420112;东西湖区
1681;17;420113;汉南区
1682;17;420114;蔡甸区
1683;17;420115;江夏区
1684;17;420116;黄陂区
1685;17;420117;新洲区
1686;17;420200;黄石市
1687;17;420202;黄石港区
1688;17;420203;西塞山区
1689;17;420204;下陆区
1690;17;420205;铁山区
1691;17;420222;阳新县
1692;17;420281;大冶市
1693;17;420300;十堰市
1694;17;420302;茅箭区
1695;17;420303;张湾区
1696;17;420321;郧县
1697;17;420322;郧西县
1698;17;420323;竹山县
1699;17;420324;竹溪县
1700;17;420325;房县
1701;17;420381;丹江口市
1702;17;420500;宜昌市
1703;17;420502;西陵区
1704;17;420503;伍家岗区
1705;17;420504;点军区
1706;17;420505;猇亭区
1707;17;420506;夷陵区
1708;17;420525;远安县
1709;17;420526;兴山县
1710;17;420527;秭归县
1711;17;420528;长阳土家族自治县
1712;17;420529;五峰土家族自治县
1713;17;420581;宜都市
1714;17;420582;当阳市
1715;17;420583;枝江市
1716;17;420600;襄阳市
1717;17;420602;襄城区
1718;17;420606;樊城区
1719;17;420607;襄州区
1720;17;420624;南漳县
1721;17;420625;谷城县
1722;17;420626;保康县
1723;17;420682;老河口市
1724;17;420683;枣阳市
1725;17;420684;宜城市
1726;17;420700;鄂州市
1727;17;420702;梁子湖区
1728;17;420703;华容区
1729;17;420704;鄂城区
1730;17;420800;荆门市
1731;17;420802;东宝区
1732;17;420804;掇刀区
1733;17;420821;京山县
1734;17;420822;沙洋县
1735;17;420881;钟祥市
1736;17;420900;孝感市
1737;17;420902;孝南区
1738;17;420921;孝昌县
1739;17;420922;大悟县
1740;17;420923;云梦县
1741;17;420981;应城市
1742;17;420982;安陆市
1743;17;420984;汉川市
1744;17;421000;荆州市
1745;17;421002;沙市区
1746;17;421003;荆州区
1747;17;421022;公安县
1748;17;421023;监利县
1749;17;421024;江陵县
1750;17;421081;石首市
1751;17;421083;洪湖市
1752;17;421087;松滋市
1753;17;421100;黄冈市
1754;17;421102;黄州区
1755;17;421121;团风县
1756;17;421122;红安县
1757;17;421123;罗田县
1758;17;421124;英山县
1759;17;421125;浠水县
1760;17;421126;蕲春县
1761;17;421127;黄梅县
1762;17;421181;麻城市
1763;17;421182;武穴市
1764;17;421200;咸宁市
1765;17;421202;咸安区
1766;17;421221;嘉鱼县
1767;17;421222;通城县
1768;17;421223;崇阳县
1769;17;421224;通山县
1770;17;421281;赤壁市
1771;17;421300;随州市
1772;17;421303;曾都区
1773;17;421321;随县
1774;17;421381;广水市
1775;17;422800;恩施土家族苗族自治州
1776;17;422801;恩施市
1777;17;422802;利川市
1778;17;422822;建始县
1779;17;422823;巴东县
1780;17;422825;宣恩县
1781;17;422826;咸丰县
1782;17;422827;来凤县
1783;17;422828;鹤峰县
1784;17;429004;仙桃市
1785;17;429005;潜江市
1786;17;429006;天门市
1787;17;429021;神农架林区
1788;18;430100;长沙市
1789;18;430102;芙蓉区
1790;18;430103;天心区
1791;18;430104;岳麓区
1792;18;430105;开福区
1793;18;430111;雨花区
1794;18;430112;望城区
1795;18;430121;长沙县
1796;18;430124;宁乡县
1797;18;430181;浏阳市
1798;18;430200;株洲市
1799;18;430202;荷塘区
1800;18;430203;芦淞区
1801;18;430204;石峰区
1802;18;430211;天元区
1803;18;430221;株洲县
1804;18;430223;攸县
1805;18;430224;茶陵县
1806;18;430225;炎陵县
1807;18;430281;醴陵市
1808;18;430300;湘潭市
1809;18;430302;雨湖区
1810;18;430304;岳塘区
1811;18;430321;湘潭县
1812;18;430381;湘乡市
1813;18;430382;韶山市
1814;18;430400;衡阳市
1815;18;430405;珠晖区
1816;18;430406;雁峰区
1817;18;430407;石鼓区
1818;18;430408;蒸湘区
1819;18;430412;南岳区
1820;18;430421;衡阳县
1821;18;430422;衡南县
1822;18;430423;衡山县
1823;18;430424;衡东县
1824;18;430426;祁东县
1825;18;430481;耒阳市
1826;18;430482;常宁市
1827;18;430500;邵阳市
1828;18;430502;双清区
1829;18;430503;大祥区
1830;18;430511;北塔区
1831;18;430521;邵东县
1832;18;430522;新邵县
1833;18;430523;邵阳县
1834;18;430524;隆回县
1835;18;430525;洞口县
1836;18;430527;绥宁县
1837;18;430528;新宁县
1838;18;430529;城步苗族自治县
1839;18;430581;武冈市
1840;18;430600;岳阳市
1841;18;430602;岳阳楼区
1842;18;430603;云溪区
1843;18;430611;君山区
1844;18;430621;岳阳县
1845;18;430623;华容县
1846;18;430624;湘阴县
1847;18;430626;平江县
1848;18;430681;汨罗市
1849;18;430682;临湘市
1850;18;430700;常德市
1851;18;430702;武陵区
1852;18;430703;鼎城区
1853;18;430721;安乡县
1854;18;430722;汉寿县
1855;18;430723;澧县
1856;18;430724;临澧县
1857;18;430725;桃源县
1858;18;430726;石门县
1859;18;430781;津市市
1860;18;430800;张家界市
1861;18;430802;永定区
1862;18;430811;武陵源区
1863;18;430821;慈利县
1864;18;430822;桑植县
1865;18;430900;益阳市
1866;18;430902;资阳区
1867;18;430903;赫山区
1868;18;430921;南县
1869;18;430922;桃江县
1870;18;430923;安化县
1871;18;430981;沅江市
1872;18;431000;郴州市
1873;18;431002;北湖区
1874;18;431003;苏仙区
1875;18;431021;桂阳县
1876;18;431022;宜章县
1877;18;431023;永兴县
1878;18;431024;嘉禾县
1879;18;431025;临武县
1880;18;431026;汝城县
1881;18;431027;桂东县
1882;18;431028;安仁县
1883;18;431081;资兴市
1884;18;431100;永州市
1885;18;431102;零陵区
1886;18;431103;冷水滩区
1887;18;431121;祁阳县
1888;18;431122;东安县
1889;18;431123;双牌县
1890;18;431124;道县
1891;18;431125;江永县
1892;18;431126;宁远县
1893;18;431127;蓝山县
1894;18;431128;新田县
1895;18;431129;江华瑶族自治县
1896;18;431200;怀化市
1897;18;431202;鹤城区
1898;18;431221;中方县
1899;18;431222;沅陵县
1900;18;431223;辰溪县
1901;18;431224;溆浦县
1902;18;431225;会同县
1903;18;431226;麻阳苗族自治县
1904;18;431227;新晃侗族自治县
1905;18;431228;芷江侗族自治县
1906;18;431229;靖州苗族侗族自治县
1907;18;431230;通道侗族自治县
1908;18;431281;洪江市
1909;18;431300;娄底市
1910;18;431302;娄星区
1911;18;431321;双峰县
1912;18;431322;新化县
1913;18;431381;冷水江市
1914;18;431382;涟源市
1915;18;433100;湘西土家族苗族自治州
1916;18;433101;吉首市
1917;18;433122;泸溪县
1918;18;433123;凤凰县
1919;18;433124;花垣县
1920;18;433125;保靖县
1921;18;433126;古丈县
1922;18;433127;永顺县
1923;18;433130;龙山县
1924;19;440100;广州市
1925;19;440103;荔湾区
1926;19;440104;越秀区
1927;19;440105;海珠区
1928;19;440106;天河区
1929;19;440111;白云区
1930;19;440112;黄埔区
1931;19;440113;番禺区
1932;19;440114;花都区
1933;19;440115;南沙区
1934;19;440116;萝岗区
1935;19;440183;增城市
1936;19;440184;从化市
1937;19;440200;韶关市
1938;19;440203;武江区
1939;19;440204;浈江区
1940;19;440205;曲江区
1941;19;440222;始兴县
1942;19;440224;仁化县
1943;19;440229;翁源县
1944;19;440232;乳源瑶族自治县
1945;19;440233;新丰县
1946;19;440281;乐昌市
1947;19;440282;南雄市
1948;19;440300;深圳市
1949;19;440303;罗湖区
1950;19;440304;福田区
1951;19;440305;南山区
1952;19;440306;宝安区
1953;19;440307;龙岗区
1954;19;440308;盐田区
1955;19;440400;珠海市
1956;19;440402;香洲区
1957;19;440403;斗门区
1958;19;440404;金湾区
1959;19;440500;汕头市
1960;19;440507;龙湖区
1961;19;440511;金平区
1962;19;440512;濠江区
1963;19;440513;潮阳区
1964;19;440514;潮南区
1965;19;440515;澄海区
1966;19;440523;南澳县
1967;19;440600;佛山市
1968;19;440604;禅城区
1969;19;440605;南海区
1970;19;440606;顺德区
1971;19;440607;三水区
1972;19;440608;高明区
1973;19;440700;江门市
1974;19;440703;蓬江区
1975;19;440704;江海区
1976;19;440705;新会区
1977;19;440781;台山市
1978;19;440783;开平市
1979;19;440784;鹤山市
1980;19;440785;恩平市
1981;19;440800;湛江市
1982;19;440802;赤坎区
1983;19;440803;霞山区
1984;19;440804;坡头区
1985;19;440811;麻章区
1986;19;440823;遂溪县
1987;19;440825;徐闻县
1988;19;440881;廉江市
1989;19;440882;雷州市
1990;19;440883;吴川市
1991;19;440900;茂名市
1992;19;440902;茂南区
1993;19;440903;茂港区
1994;19;440923;电白县
1995;19;440981;高州市
1996;19;440982;化州市
1997;19;440983;信宜市
1998;19;441200;肇庆市
1999;19;441202;端州区
2000;19;441203;鼎湖区
2001;19;441223;广宁县
2002;19;441224;怀集县
2003;19;441225;封开县
2004;19;441226;德庆县
2005;19;441283;高要市
2006;19;441284;四会市
2007;19;441300;惠州市
2008;19;441302;惠城区
2009;19;441303;惠阳区
2010;19;441322;博罗县
2011;19;441323;惠东县
2012;19;441324;龙门县
2013;19;441400;梅州市
2014;19;441402;梅江区
2015;19;441421;梅县
2016;19;441422;大埔县
2017;19;441423;丰顺县
2018;19;441424;五华县
2019;19;441426;平远县
2020;19;441427;蕉岭县
2021;19;441481;兴宁市
2022;19;441500;汕尾市
2023;19;441521;海丰县
2024;19;441523;陆河县
2025;19;441581;陆丰市
2026;19;441600;河源市
2027;19;441602;源城区
2028;19;441621;紫金县
2029;19;441622;龙川县
2030;19;441623;连平县
2031;19;441624;和平县
2032;19;441625;东源县
2033;19;441700;阳江市
2034;19;441702;江城区
2035;19;441721;阳西县
2036;19;441723;阳东县
2037;19;441781;阳春市
2038;19;441800;清远市
2039;19;441802;清城区
2040;19;441821;佛冈县
2041;19;441823;阳山县
2042;19;441825;连山壮族瑶族自治县
2043;19;441826;连南瑶族自治县
2044;19;441827;清新县
2045;19;441881;英德市
2046;19;441882;连州市
2047;19;441900;东莞市
2048;19;442000;中山市
2049;19;445100;潮州市
2050;19;445102;湘桥区
2051;19;445121;潮安县
2052;19;445122;饶平县
2053;19;445200;揭阳市
2054;19;445202;榕城区
2055;19;445221;揭东县
2056;19;445222;揭西县
2057;19;445224;惠来县
2058;19;445281;普宁市
2059;19;445300;云浮市
2060;19;445302;云城区
2061;19;445321;新兴县
2062;19;445322;郁南县
2063;19;445323;云安县
2064;19;445381;罗定市
2065;20;450100;南宁市
2066;20;450102;兴宁区
2067;20;450103;青秀区
2068;20;450105;江南区
2069;20;450107;西乡塘区
2070;20;450108;良庆区
2071;20;450109;邕宁区
2072;20;450122;武鸣县
2073;20;450123;隆安县
2074;20;450124;马山县
2075;20;450125;上林县
2076;20;450126;宾阳县
2077;20;450127;横县
2078;20;450200;柳州市
2079;20;450202;城中区
2080;20;450203;鱼峰区
2081;20;450204;柳南区
2082;20;450205;柳北区
2083;20;450221;柳江县
2084;20;450222;柳城县
2085;20;450223;鹿寨县
2086;20;450224;融安县
2087;20;450225;融水苗族自治县
2088;20;450226;三江侗族自治县
2089;20;450300;桂林市
2090;20;450302;秀峰区
2091;20;450303;叠彩区
2092;20;450304;象山区
2093;20;450305;七星区
2094;20;450311;雁山区
2095;20;450321;阳朔县
2096;20;450322;临桂县
2097;20;450323;灵川县
2098;20;450324;全州县
2099;20;450325;兴安县
2100;20;450326;永福县
2101;20;450327;灌阳县
2102;20;450328;龙胜各族自治县
2103;20;450329;资源县
2104;20;450330;平乐县
2105;20;450331;荔浦县
2106;20;450332;恭城瑶族自治县
2107;20;450400;梧州市
2108;20;450403;万秀区
2109;20;450404;蝶山区
2110;20;450405;长洲区
2111;20;450421;苍梧县
2112;20;450422;藤县
2113;20;450423;蒙山县
2114;20;450481;岑溪市
2115;20;450500;北海市
2116;20;450502;海城区
2117;20;450503;银海区
2118;20;450512;铁山港区
2119;20;450521;合浦县
2120;20;450600;防城港市
2121;20;450602;港口区
2122;20;450603;防城区
2123;20;450621;上思县
2124;20;450681;东兴市
2125;20;450700;钦州市
2126;20;450702;钦南区
2127;20;450703;钦北区
2128;20;450721;灵山县
2129;20;450722;浦北县
2130;20;450800;贵港市
2131;20;450802;港北区
2132;20;450803;港南区
2133;20;450804;覃塘区
2134;20;450821;平南县
2135;20;450881;桂平市
2136;20;450900;玉林市
2137;20;450902;玉州区
2138;20;450921;容县
2139;20;450922;陆川县
2140;20;450923;博白县
2141;20;450924;兴业县
2142;20;450981;北流市
2143;20;451000;百色市
2144;20;451002;右江区
2145;20;451021;田阳县
2146;20;451022;田东县
2147;20;451023;平果县
2148;20;451024;德保县
2149;20;451025;靖西县
2150;20;451026;那坡县
2151;20;451027;凌云县
2152;20;451028;乐业县
2153;20;451029;田林县
2154;20;451030;西林县
2155;20;451031;隆林各族自治县
2156;20;451100;贺州市
2157;20;451102;八步区
2158;20;451121;昭平县
2159;20;451122;钟山县
2160;20;451123;富川瑶族自治县
2161;20;451200;河池市
2162;20;451202;金城江区
2163;20;451221;南丹县
2164;20;451222;天峨县
2165;20;451223;凤山县
2166;20;451224;东兰县
2167;20;451225;罗城仫佬族自治县
2168;20;451226;环江毛南族自治县
2169;20;451227;巴马瑶族自治县
2170;20;451228;都安瑶族自治县
2171;20;451229;大化瑶族自治县
2172;20;451281;宜州市
2173;20;451300;来宾市
2174;20;451302;兴宾区
2175;20;451321;忻城县
2176;20;451322;象州县
2177;20;451323;武宣县
2178;20;451324;金秀瑶族自治县
2179;20;451381;合山市
2180;20;451400;崇左市
2181;20;451402;江洲区
2182;20;451421;扶绥县
2183;20;451422;宁明县
2184;20;451423;龙州县
2185;20;451424;大新县
2186;20;451425;天等县
2187;20;451481;凭祥市
2188;21;460100;海口市
2189;21;460105;秀英区
2190;21;460106;龙华区
2191;21;460107;琼山区
2192;21;460108;美兰区
2193;21;460200;三亚市
2194;21;460300;三沙市
2195;21;460321;西沙群岛
2196;21;460322;南沙群岛
2197;21;460323;中沙群岛的岛礁及其海域
2198;21;469001;五指山市
2199;21;469002;琼海市
2200;21;469003;儋州市
2201;21;469005;文昌市
2202;21;469006;万宁市
2203;21;469007;东方市
2204;21;469021;定安县
2205;21;469022;屯昌县
2206;21;469023;澄迈县
2207;21;469024;临高县
2208;21;469025;白沙黎族自治县
2209;21;469026;昌江黎族自治县
2210;21;469027;乐东黎族自治县
2211;21;469028;陵水黎族自治县
2212;21;469029;保亭黎族苗族自治县
2213;21;469030;琼中黎族苗族自治县
2214;22;500101;万州区
2215;22;500102;涪陵区
2216;22;500103;渝中区
2217;22;500104;大渡口区
2218;22;500105;江北区
2219;22;500106;沙坪坝区
2220;22;500107;九龙坡区
2221;22;500108;南岸区
2222;22;500109;北碚区
2223;22;500110;綦江区
2224;22;500111;大足区
2225;22;500112;渝北区
2226;22;500113;巴南区
2227;22;500114;黔江区
2228;22;500115;长寿区
2229;22;500116;江津区
2230;22;500117;合川区
2231;22;500118;永川区
2232;22;500119;南川区
2233;22;500223;潼南县
2234;22;500224;铜梁县
2235;22;500226;荣昌县
2236;22;500227;璧山县
2237;22;500228;梁平县
2238;22;500229;城口县
2239;22;500230;丰都县
2240;22;500231;垫江县
2241;22;500232;武隆县
2242;22;500233;忠县
2243;22;500234;开县
2244;22;500235;云阳县
2245;22;500236;奉节县
2246;22;500237;巫山县
2247;22;500238;巫溪县
2248;22;500240;石柱土家族自治县
2249;22;500241;秀山土家族苗族自治县
2250;22;500242;酉阳土家族苗族自治县
2251;22;500243;彭水苗族土家族自治县
2252;23;510100;成都市
2253;23;510104;锦江区
2254;23;510105;青羊区
2255;23;510106;金牛区
2256;23;510107;武侯区
2257;23;510108;成华区
2258;23;510112;龙泉驿区
2259;23;510113;青白江区
2260;23;510114;新都区
2261;23;510115;温江区
2262;23;510121;金堂县
2263;23;510122;双流县
2264;23;510124;郫县
2265;23;510129;大邑县
2266;23;510131;蒲江县
2267;23;510132;新津县
2268;23;510181;都江堰市
2269;23;510182;彭州市
2270;23;510183;邛崃市
2271;23;510184;崇州市
2272;23;510300;自贡市
2273;23;510302;自流井区
2274;23;510303;贡井区
2275;23;510304;大安区
2276;23;510311;沿滩区
2277;23;510321;荣县
2278;23;510322;富顺县
2279;23;510400;攀枝花市
2280;23;510402;东区
2281;23;510403;西区
2282;23;510411;仁和区
2283;23;510421;米易县
2284;23;510422;盐边县
2285;23;510500;泸州市
2286;23;510502;江阳区
2287;23;510503;纳溪区
2288;23;510504;龙马潭区
2289;23;510521;泸县
2290;23;510522;合江县
2291;23;510524;叙永县
2292;23;510525;古蔺县
2293;23;510600;德阳市
2294;23;510603;旌阳区
2295;23;510623;中江县
2296;23;510626;罗江县
2297;23;510681;广汉市
2298;23;510682;什邡市
2299;23;510683;绵竹市
2300;23;510700;绵阳市
2301;23;510703;涪城区
2302;23;510704;游仙区
2303;23;510722;三台县
2304;23;510723;盐亭县
2305;23;510724;安县
2306;23;510725;梓潼县
2307;23;510726;北川羌族自治县
2308;23;510727;平武县
2309;23;510781;江油市
2310;23;510800;广元市
2311;23;510802;利州区
2312;23;510811;元坝区
2313;23;510812;朝天区
2314;23;510821;旺苍县
2315;23;510822;青川县
2316;23;510823;剑阁县
2317;23;510824;苍溪县
2318;23;510900;遂宁市
2319;23;510903;船山区
2320;23;510904;安居区
2321;23;510921;蓬溪县
2322;23;510922;射洪县
2323;23;510923;大英县
2324;23;511000;内江市
2325;23;511002;市中区
2326;23;511011;东兴区
2327;23;511024;威远县
2328;23;511025;资中县
2329;23;511028;隆昌县
2330;23;511100;乐山市
2331;23;511102;市中区
2332;23;511111;沙湾区
2333;23;511112;五通桥区
2334;23;511113;金口河区
2335;23;511123;犍为县
2336;23;511124;井研县
2337;23;511126;夹江县
2338;23;511129;沐川县
2339;23;511132;峨边彝族自治县
2340;23;511133;马边彝族自治县
2341;23;511181;峨眉山市
2342;23;511300;南充市
2343;23;511302;顺庆区
2344;23;511303;高坪区
2345;23;511304;嘉陵区
2346;23;511321;南部县
2347;23;511322;营山县
2348;23;511323;蓬安县
2349;23;511324;仪陇县
2350;23;511325;西充县
2351;23;511381;阆中市
2352;23;511400;眉山市
2353;23;511402;东坡区
2354;23;511421;仁寿县
2355;23;511422;彭山县
2356;23;511423;洪雅县
2357;23;511424;丹棱县
2358;23;511425;青神县
2359;23;511500;宜宾市
2360;23;511502;翠屏区
2361;23;511503;南溪区
2362;23;511521;宜宾县
2363;23;511523;江安县
2364;23;511524;长宁县
2365;23;511525;高县
2366;23;511526;珙县
2367;23;511527;筠连县
2368;23;511528;兴文县
2369;23;511529;屏山县
2370;23;511600;广安市
2371;23;511602;广安区
2372;23;511621;岳池县
2373;23;511622;武胜县
2374;23;511623;邻水县
2375;23;511681;华蓥市
2376;23;511700;达州市
2377;23;511702;通川区
2378;23;511721;达县
2379;23;511722;宣汉县
2380;23;511723;开江县
2381;23;511724;大竹县
2382;23;511725;渠县
2383;23;511781;万源市
2384;23;511800;雅安市
2385;23;511802;雨城区
2386;23;511803;名山区
2387;23;511822;荥经县
2388;23;511823;汉源县
2389;23;511824;石棉县
2390;23;511825;天全县
2391;23;511826;芦山县
2392;23;511827;宝兴县
2393;23;511900;巴中市
2394;23;511902;巴州区
2395;23;511921;通江县
2396;23;511922;南江县
2397;23;511923;平昌县
2398;23;512000;资阳市
2399;23;512002;雁江区
2400;23;512021;安岳县
2401;23;512022;乐至县
2402;23;512081;简阳市
2403;23;513200;阿坝藏族羌族自治州
2404;23;513221;汶川县
2405;23;513222;理县
2406;23;513223;茂县
2407;23;513224;松潘县
2408;23;513225;九寨沟县
2409;23;513226;金川县
2410;23;513227;小金县
2411;23;513228;黑水县
2412;23;513229;马尔康县
2413;23;513230;壤塘县
2414;23;513231;阿坝县
2415;23;513232;若尔盖县
2416;23;513233;红原县
2417;23;513300;甘孜藏族自治州
2418;23;513321;康定县
2419;23;513322;泸定县
2420;23;513323;丹巴县
2421;23;513324;九龙县
2422;23;513325;雅江县
2423;23;513326;道孚县
2424;23;513327;炉霍县
2425;23;513328;甘孜县
2426;23;513329;新龙县
2427;23;513330;德格县
2428;23;513331;白玉县
2429;23;513332;石渠县
2430;23;513333;色达县
2431;23;513334;理塘县
2432;23;513335;巴塘县
2433;23;513336;乡城县
2434;23;513337;稻城县
2435;23;513338;得荣县
2436;23;513400;凉山彝族自治州
2437;23;513401;西昌市
2438;23;513422;木里藏族自治县
2439;23;513423;盐源县
2440;23;513424;德昌县
2441;23;513425;会理县
2442;23;513426;会东县
2443;23;513427;宁南县
2444;23;513428;普格县
2445;23;513429;布拖县
2446;23;513430;金阳县
2447;23;513431;昭觉县
2448;23;513432;喜德县
2449;23;513433;冕宁县
2450;23;513434;越西县
2451;23;513435;甘洛县
2452;23;513436;美姑县
2453;23;513437;雷波县
2454;24;520100;贵阳市
2455;24;520102;南明区
2456;24;520103;云岩区
2457;24;520111;花溪区
2458;24;520112;乌当区
2459;24;520113;白云区
2460;24;520114;小河区
2461;24;520121;开阳县
2462;24;520122;息烽县
2463;24;520123;修文县
2464;24;520181;清镇市
2465;24;520200;六盘水市
2466;24;520201;钟山区
2467;24;520203;六枝特区
2468;24;520221;水城县
2469;24;520222;盘县
2470;24;520300;遵义市
2471;24;520302;红花岗区
2472;24;520303;汇川区
2473;24;520321;遵义县
2474;24;520322;桐梓县
2475;24;520323;绥阳县
2476;24;520324;正安县
2477;24;520325;道真仡佬族苗族自治县
2478;24;520326;务川仡佬族苗族自治县
2479;24;520327;凤冈县
2480;24;520328;湄潭县
2481;24;520329;余庆县
2482;24;520330;习水县
2483;24;520381;赤水市
2484;24;520382;仁怀市
2485;24;520400;安顺市
2486;24;520402;西秀区
2487;24;520421;平坝县
2488;24;520422;普定县
2489;24;520423;镇宁布依族苗族自治县
2490;24;520424;关岭布依族苗族自治县
2491;24;520425;紫云苗族布依族自治县
2492;24;520500;毕节市
2493;24;520502;七星关区
2494;24;520521;大方县
2495;24;520522;黔西县
2496;24;520523;金沙县
2497;24;520524;织金县
2498;24;520525;纳雍县
2499;24;520526;威宁彝族回族苗族自治县
2500;24;520527;赫章县
2501;24;520600;铜仁市
2502;24;520602;碧江区
2503;24;520603;万山区
2504;24;520621;江口县
2505;24;520622;玉屏侗族自治县
2506;24;520623;石阡县
2507;24;520624;思南县
2508;24;520625;印江土家族苗族自治县
2509;24;520626;德江县
2510;24;520627;沿河土家族自治县
2511;24;520628;松桃苗族自治县
2512;24;522300;黔西南布依族苗族自治州
2513;24;522301;兴义市
2514;24;522322;兴仁县
2515;24;522323;普安县
2516;24;522324;晴隆县
2517;24;522325;贞丰县
2518;24;522326;望谟县
2519;24;522327;册亨县
2520;24;522328;安龙县
2521;24;522600;黔东南苗族侗族自治州
2522;24;522601;凯里市
2523;24;522622;黄平县
2524;24;522623;施秉县
2525;24;522624;三穗县
2526;24;522625;镇远县
2527;24;522626;岑巩县
2528;24;522627;天柱县
2529;24;522628;锦屏县
2530;24;522629;剑河县
2531;24;522630;台江县
2532;24;522631;黎平县
2533;24;522632;榕江县
2534;24;522633;从江县
2535;24;522634;雷山县
2536;24;522635;麻江县
2537;24;522636;丹寨县
2538;24;522700;黔南布依族苗族自治州
2539;24;522701;都匀市
2540;24;522702;福泉市
2541;24;522722;荔波县
2542;24;522723;贵定县
2543;24;522725;瓮安县
2544;24;522726;独山县
2545;24;522727;平塘县
2546;24;522728;罗甸县
2547;24;522729;长顺县
2548;24;522730;龙里县
2549;24;522731;惠水县
2550;24;522732;三都水族自治县
2551;25;530100;昆明市
2552;25;530102;五华区
2553;25;530103;盘龙区
2554;25;530111;官渡区
2555;25;530112;西山区
2556;25;530113;东川区
2557;25;530114;呈贡区
2558;25;530122;晋宁县
2559;25;530124;富民县
2560;25;530125;宜良县
2561;25;530126;石林彝族自治县
2562;25;530127;嵩明县
2563;25;530128;禄劝彝族苗族自治县
2564;25;530129;寻甸回族彝族自治县
2565;25;530181;安宁市
2566;25;530300;曲靖市
2567;25;530302;麒麟区
2568;25;530321;马龙县
2569;25;530322;陆良县
2570;25;530323;师宗县
2571;25;530324;罗平县
2572;25;530325;富源县
2573;25;530326;会泽县
2574;25;530328;沾益县
2575;25;530381;宣威市
2576;25;530400;玉溪市
2577;25;530402;红塔区
2578;25;530421;江川县
2579;25;530422;澄江县
2580;25;530423;通海县
2581;25;530424;华宁县
2582;25;530425;易门县
2583;25;530426;峨山彝族自治县
2584;25;530427;新平彝族傣族自治县
2585;25;530428;元江哈尼族彝族傣族自治县
2586;25;530500;保山市
2587;25;530502;隆阳区
2588;25;530521;施甸县
2589;25;530522;腾冲县
2590;25;530523;龙陵县
2591;25;530524;昌宁县
2592;25;530600;昭通市
2593;25;530602;昭阳区
2594;25;530621;鲁甸县
2595;25;530622;巧家县
2596;25;530623;盐津县
2597;25;530624;大关县
2598;25;530625;永善县
2599;25;530626;绥江县
2600;25;530627;镇雄县
2601;25;530628;彝良县
2602;25;530629;威信县
2603;25;530630;水富县
2604;25;530700;丽江市
2605;25;530702;古城区
2606;25;530721;玉龙纳西族自治县
2607;25;530722;永胜县
2608;25;530723;华坪县
2609;25;530724;宁蒗彝族自治县
2610;25;530800;普洱市
2611;25;530802;思茅区
2612;25;530821;宁洱哈尼族彝族自治县
2613;25;530822;墨江哈尼族自治县
2614;25;530823;景东彝族自治县
2615;25;530824;景谷傣族彝族自治县
2616;25;530825;镇沅彝族哈尼族拉祜族自治县
2617;25;530826;江城哈尼族彝族自治县
2618;25;530827;孟连傣族拉祜族佤族自治县
2619;25;530828;澜沧拉祜族自治县
2620;25;530829;西盟佤族自治县
2621;25;530900;临沧市
2622;25;530902;临翔区
2623;25;530921;凤庆县
2624;25;530922;云县
2625;25;530923;永德县
2626;25;530924;镇康县
2627;25;530925;双江拉祜族佤族布朗族傣族自治县
2628;25;530926;耿马傣族佤族自治县
2629;25;530927;沧源佤族自治县
2630;25;532300;楚雄彝族自治州
2631;25;532301;楚雄市
2632;25;532322;双柏县
2633;25;532323;牟定县
2634;25;532324;南华县
2635;25;532325;姚安县
2636;25;532326;大姚县
2637;25;532327;永仁县
2638;25;532328;元谋县
2639;25;532329;武定县
2640;25;532331;禄丰县
2641;25;532500;红河哈尼族彝族自治州
2642;25;532501;个旧市
2643;25;532502;开远市
2644;25;532503;蒙自市
2645;25;532523;屏边苗族自治县
2646;25;532524;建水县
2647;25;532525;石屏县
2648;25;532526;弥勒县
2649;25;532527;泸西县
2650;25;532528;元阳县
2651;25;532529;红河县
2652;25;532530;金平苗族瑶族傣族自治县
2653;25;532531;绿春县
2654;25;532532;河口瑶族自治县
2655;25;532600;文山壮族苗族自治州
2656;25;532601;文山市
2657;25;532622;砚山县
2658;25;532623;西畴县
2659;25;532624;麻栗坡县
2660;25;532625;马关县
2661;25;532626;丘北县
2662;25;532627;广南县
2663;25;532628;富宁县
2664;25;532800;西双版纳傣族自治州
2665;25;532801;景洪市
2666;25;532822;勐海县
2667;25;532823;勐腊县
2668;25;532900;大理白族自治州
2669;25;532901;大理市
2670;25;532922;漾濞彝族自治县
2671;25;532923;祥云县
2672;25;532924;宾川县
2673;25;532925;弥渡县
2674;25;532926;南涧彝族自治县
2675;25;532927;巍山彝族回族自治县
2676;25;532928;永平县
2677;25;532929;云龙县
2678;25;532930;洱源县
2679;25;532931;剑川县
2680;25;532932;鹤庆县
2681;25;533100;德宏傣族景颇族自治州
2682;25;533102;瑞丽市
2683;25;533103;芒市
2684;25;533122;梁河县
2685;25;533123;盈江县
2686;25;533124;陇川县
2687;25;533300;怒江傈僳族自治州
2688;25;533321;泸水县
2689;25;533323;福贡县
2690;25;533324;贡山独龙族怒族自治县
2691;25;533325;兰坪白族普米族自治县
2692;25;533400;迪庆藏族自治州
2693;25;533421;香格里拉县
2694;25;533422;德钦县
2695;25;533423;维西傈僳族自治县
2696;26;540100;拉萨市
2697;26;540102;城关区
2698;26;540121;林周县
2699;26;540122;当雄县
2700;26;540123;尼木县
2701;26;540124;曲水县
2702;26;540125;堆龙德庆县
2703;26;540126;达孜县
2704;26;540127;墨竹工卡县
2705;26;542100;昌都地区
2706;26;542121;昌都县
2707;26;542122;江达县
2708;26;542123;贡觉县
2709;26;542124;类乌齐县
2710;26;542125;丁青县
2711;26;542126;察雅县
2712;26;542127;八宿县
2713;26;542128;左贡县
2714;26;542129;芒康县
2715;26;542132;洛隆县
2716;26;542133;边坝县
2717;26;542200;山南地区
2718;26;542221;乃东县
2719;26;542222;扎囊县
2720;26;542223;贡嘎县
2721;26;542224;桑日县
2722;26;542225;琼结县
2723;26;542226;曲松县
2724;26;542227;措美县
2725;26;542228;洛扎县
2726;26;542229;加查县
2727;26;542231;隆子县
2728;26;542232;错那县
2729;26;542233;浪卡子县
2730;26;542300;日喀则地区
2731;26;542301;日喀则市
2732;26;542322;南木林县
2733;26;542323;江孜县
2734;26;542324;定日县
2735;26;542325;萨迦县
2736;26;542326;拉孜县
2737;26;542327;昂仁县
2738;26;542328;谢通门县
2739;26;542329;白朗县
2740;26;542330;仁布县
2741;26;542331;康马县
2742;26;542332;定结县
2743;26;542333;仲巴县
2744;26;542334;亚东县
2745;26;542335;吉隆县
2746;26;542336;聂拉木县
2747;26;542337;萨嘎县
2748;26;542338;岗巴县
2749;26;542400;那曲地区
2750;26;542421;那曲县
2751;26;542422;嘉黎县
2752;26;542423;比如县
2753;26;542424;聂荣县
2754;26;542425;安多县
2755;26;542426;申扎县
2756;26;542427;索县
2757;26;542428;班戈县
2758;26;542429;巴青县
2759;26;542430;尼玛县
2760;26;542500;阿里地区
2761;26;542521;普兰县
2762;26;542522;札达县
2763;26;542523;噶尔县
2764;26;542524;日土县
2765;26;542525;革吉县
2766;26;542526;改则县
2767;26;542527;措勤县
2768;26;542600;林芝地区
2769;26;542621;林芝县
2770;26;542622;工布江达县
2771;26;542623;米林县
2772;26;542624;墨脱县
2773;26;542625;波密县
2774;26;542626;察隅县
2775;26;542627;朗县
2776;27;610100;西安市
2777;27;610102;新城区
2778;27;610103;碑林区
2779;27;610104;莲湖区
2780;27;610111;灞桥区
2781;27;610112;未央区
2782;27;610113;雁塔区
2783;27;610114;阎良区
2784;27;610115;临潼区
2785;27;610116;长安区
2786;27;610122;蓝田县
2787;27;610124;周至县
2788;27;610125;户县
2789;27;610126;高陵县
2790;27;610200;铜川市
2791;27;610202;王益区
2792;27;610203;印台区
2793;27;610204;耀州区
2794;27;610222;宜君县
2795;27;610300;宝鸡市
2796;27;610302;渭滨区
2797;27;610303;金台区
2798;27;610304;陈仓区
2799;27;610322;凤翔县
2800;27;610323;岐山县
2801;27;610324;扶风县
2802;27;610326;眉县
2803;27;610327;陇县
2804;27;610328;千阳县
2805;27;610329;麟游县
2806;27;610330;凤县
2807;27;610331;太白县
2808;27;610400;咸阳市
2809;27;610402;秦都区
2810;27;610403;杨陵区
2811;27;610404;渭城区
2812;27;610422;三原县
2813;27;610423;泾阳县
2814;27;610424;乾县
2815;27;610425;礼泉县
2816;27;610426;永寿县
2817;27;610427;彬县
2818;27;610428;长武县
2819;27;610429;旬邑县
2820;27;610430;淳化县
2821;27;610431;武功县
2822;27;610481;兴平市
2823;27;610500;渭南市
2824;27;610502;临渭区
2825;27;610521;华县
2826;27;610522;潼关县
2827;27;610523;大荔县
2828;27;610524;合阳县
2829;27;610525;澄城县
2830;27;610526;蒲城县
2831;27;610527;白水县
2832;27;610528;富平县
2833;27;610581;韩城市
2834;27;610582;华阴市
2835;27;610600;延安市
2836;27;610602;宝塔区
2837;27;610621;延长县
2838;27;610622;延川县
2839;27;610623;子长县
2840;27;610624;安塞县
2841;27;610625;志丹县
2842;27;610626;吴起县
2843;27;610627;甘泉县
2844;27;610628;富县
2845;27;610629;洛川县
2846;27;610630;宜川县
2847;27;610631;黄龙县
2848;27;610632;黄陵县
2849;27;610700;汉中市
2850;27;610702;汉台区
2851;27;610721;南郑县
2852;27;610722;城固县
2853;27;610723;洋县
2854;27;610724;西乡县
2855;27;610725;勉县
2856;27;610726;宁强县
2857;27;610727;略阳县
2858;27;610728;镇巴县
2859;27;610729;留坝县
2860;27;610730;佛坪县
2861;27;610800;榆林市
2862;27;610802;榆阳区
2863;27;610821;神木县
2864;27;610822;府谷县
2865;27;610823;横山县
2866;27;610824;靖边县
2867;27;610825;定边县
2868;27;610826;绥德县
2869;27;610827;米脂县
2870;27;610828;佳县
2871;27;610829;吴堡县
2872;27;610830;清涧县
2873;27;610831;子洲县
2874;27;610900;安康市
2875;27;610902;汉滨区
2876;27;610921;汉阴县
2877;27;610922;石泉县
2878;27;610923;宁陕县
2879;27;610924;紫阳县
2880;27;610925;岚皋县
2881;27;610926;平利县
2882;27;610927;镇坪县
2883;27;610928;旬阳县
2884;27;610929;白河县
2885;27;611000;商洛市
2886;27;611002;商州区
2887;27;611021;洛南县
2888;27;611022;丹凤县
2889;27;611023;商南县
2890;27;611024;山阳县
2891;27;611025;镇安县
2892;27;611026;柞水县
2893;28;620100;兰州市
2894;28;620102;城关区
2895;28;620103;七里河区
2896;28;620104;西固区
2897;28;620105;安宁区
2898;28;620111;红古区
2899;28;620121;永登县
2900;28;620122;皋兰县
2901;28;620123;榆中县
2902;28;620200;嘉峪关市
2903;28;620300;金昌市
2904;28;620302;金川区
2905;28;620321;永昌县
2906;28;620400;白银市
2907;28;620402;白银区
2908;28;620403;平川区
2909;28;620421;靖远县
2910;28;620422;会宁县
2911;28;620423;景泰县
2912;28;620500;天水市
2913;28;620502;秦州区
2914;28;620503;麦积区
2915;28;620521;清水县
2916;28;620522;秦安县
2917;28;620523;甘谷县
2918;28;620524;武山县
2919;28;620525;张家川回族自治县
2920;28;620600;武威市
2921;28;620602;凉州区
2922;28;620621;民勤县
2923;28;620622;古浪县
2924;28;620623;天祝藏族自治县
2925;28;620700;张掖市
2926;28;620702;甘州区
2927;28;620721;肃南裕固族自治县
2928;28;620722;民乐县
2929;28;620723;临泽县
2930;28;620724;高台县
2931;28;620725;山丹县
2932;28;620800;平凉市
2933;28;620802;崆峒区
2934;28;620821;泾川县
2935;28;620822;灵台县
2936;28;620823;崇信县
2937;28;620824;华亭县
2938;28;620825;庄浪县
2939;28;620826;静宁县
2940;28;620900;酒泉市
2941;28;620902;肃州区
2942;28;620921;金塔县
2943;28;620922;瓜州县
2944;28;620923;肃北蒙古族自治县
2945;28;620924;阿克塞哈萨克族自治县
2946;28;620981;玉门市
2947;28;620982;敦煌市
2948;28;621000;庆阳市
2949;28;621002;西峰区
2950;28;621021;庆城县
2951;28;621022;环县
2952;28;621023;华池县
2953;28;621024;合水县
2954;28;621025;正宁县
2955;28;621026;宁县
2956;28;621027;镇原县
2957;28;621100;定西市
2958;28;621102;安定区
2959;28;621121;通渭县
2960;28;621122;陇西县
2961;28;621123;渭源县
2962;28;621124;临洮县
2963;28;621125;漳县
2964;28;621126;岷县
2965;28;621200;陇南市
2966;28;621202;武都区
2967;28;621221;成县
2968;28;621222;文县
2969;28;621223;宕昌县
2970;28;621224;康县
2971;28;621225;西和县
2972;28;621226;礼县
2973;28;621227;徽县
2974;28;621228;两当县
2975;28;622900;临夏回族自治州
2976;28;622901;临夏市
2977;28;622921;临夏县
2978;28;622922;康乐县
2979;28;622923;永靖县
2980;28;622924;广河县
2981;28;622925;和政县
2982;28;622926;东乡族自治县
2983;28;622927;积石山保安族东乡族撒拉族自治县
2984;28;623000;甘南藏族自治州
2985;28;623001;合作市
2986;28;623021;临潭县
2987;28;623022;卓尼县
2988;28;623023;舟曲县
2989;28;623024;迭部县
2990;28;623025;玛曲县
2991;28;623026;碌曲县
2992;28;623027;夏河县
2993;29;630100;西宁市
2994;29;630102;城东区
2995;29;630103;城中区
2996;29;630104;城西区
2997;29;630105;城北区
2998;29;630121;大通回族土族自治县
2999;29;630122;湟中县
3000;29;630123;湟源县
3001;29;632100;海东地区
3002;29;632121;平安县
3003;29;632122;民和回族土族自治县
3004;29;632123;乐都县
3005;29;632126;互助土族自治县
3006;29;632127;化隆回族自治县
3007;29;632128;循化撒拉族自治县
3008;29;632200;海北藏族自治州
3009;29;632221;门源回族自治县
3010;29;632222;祁连县
3011;29;632223;海晏县
3012;29;632224;刚察县
3013;29;632300;黄南藏族自治州
3014;29;632321;同仁县
3015;29;632322;尖扎县
3016;29;632323;泽库县
3017;29;632324;河南蒙古族自治县
3018;29;632500;海南藏族自治州
3019;29;632521;共和县
3020;29;632522;同德县
3021;29;632523;贵德县
3022;29;632524;兴海县
3023;29;632525;贵南县
3024;29;632600;果洛藏族自治州
3025;29;632621;玛沁县
3026;29;632622;班玛县
3027;29;632623;甘德县
3028;29;632624;达日县
3029;29;632625;久治县
3030;29;632626;玛多县
3031;29;632700;玉树藏族自治州
3032;29;632721;玉树县
3033;29;632722;杂多县
3034;29;632723;称多县
3035;29;632724;治多县
3036;29;632725;囊谦县
3037;29;632726;曲麻莱县
3038;29;632800;海西蒙古族藏族自治州
3039;29;632801;格尔木市
3040;29;632802;德令哈市
3041;29;632821;乌兰县
3042;29;632822;都兰县
3043;29;632823;天峻县
3044;30;640100;银川市
3045;30;640104;兴庆区
3046;30;640105;西夏区
3047;30;640106;金凤区
3048;30;640121;永宁县
3049;30;640122;贺兰县
3050;30;640181;灵武市
3051;30;640200;石嘴山市
3052;30;640202;大武口区
3053;30;640205;惠农区
3054;30;640221;平罗县
3055;30;640300;吴忠市
3056;30;640302;利通区
3057;30;640303;红寺堡区
3058;30;640323;盐池县
3059;30;640324;同心县
3060;30;640381;青铜峡市
3061;30;640400;固原市
3062;30;640402;原州区
3063;30;640422;西吉县
3064;30;640423;隆德县
3065;30;640424;泾源县
3066;30;640425;彭阳县
3067;30;640500;中卫市
3068;30;640502;沙坡头区
3069;30;640521;中宁县
3070;30;640522;海原县
3071;31;650100;乌鲁木齐市
3072;31;650102;天山区
3073;31;650103;沙依巴克区
3074;31;650104;新市区
3075;31;650105;水磨沟区
3076;31;650106;头屯河区
3077;31;650107;达坂城区
3078;31;650109;米东区
3079;31;650121;乌鲁木齐县
3080;31;650200;克拉玛依市
3081;31;650202;独山子区
3082;31;650203;克拉玛依区
3083;31;650204;白碱滩区
3084;31;650205;乌尔禾区
3085;31;652100;吐鲁番地区
3086;31;652101;吐鲁番市
3087;31;652122;鄯善县
3088;31;652123;托克逊县
3089;31;652200;哈密地区
3090;31;652201;哈密市
3091;31;652222;巴里坤哈萨克自治县
3092;31;652223;伊吾县
3093;31;652300;昌吉回族自治州
3094;31;652301;昌吉市
3095;31;652302;阜康市
3096;31;652323;呼图壁县
3097;31;652324;玛纳斯县
3098;31;652325;奇台县
3099;31;652327;吉木萨尔县
3100;31;652328;木垒哈萨克自治县
3101;31;652700;博尔塔拉蒙古自治州
3102;31;652701;博乐市
3103;31;652722;精河县
3104;31;652723;温泉县
3105;31;652800;巴音郭楞蒙古自治州
3106;31;652801;库尔勒市
3107;31;652822;轮台县
3108;31;652823;尉犁县
3109;31;652824;若羌县
3110;31;652825;且末县
3111;31;652826;焉耆回族自治县
3112;31;652827;和静县
3113;31;652828;和硕县
3114;31;652829;博湖县
3115;31;652900;阿克苏地区
3116;31;652901;阿克苏市
3117;31;652922;温宿县
3118;31;652923;库车县
3119;31;652924;沙雅县
3120;31;652925;新和县
3121;31;652926;拜城县
3122;31;652927;乌什县
3123;31;652928;阿瓦提县
3124;31;652929;柯坪县
3125;31;653000;克孜勒苏柯尔克孜自治州
3126;31;653001;阿图什市
3127;31;653022;阿克陶县
3128;31;653023;阿合奇县
3129;31;653024;乌恰县
3130;31;653100;喀什地区
3131;31;653101;喀什市
3132;31;653121;疏附县
3133;31;653122;疏勒县
3134;31;653123;英吉沙县
3135;31;653124;泽普县
3136;31;653125;莎车县
3137;31;653126;叶城县
3138;31;653127;麦盖提县
3139;31;653128;岳普湖县
3140;31;653129;伽师县
3141;31;653130;巴楚县
3142;31;653131;塔什库尔干塔吉克自治县
3143;31;653200;和田地区
3144;31;653201;和田市
3145;31;653221;和田县
3146;31;653222;墨玉县
3147;31;653223;皮山县
3148;31;653224;洛浦县
3149;31;653225;策勒县
3150;31;653226;于田县
3151;31;653227;民丰县
3152;31;654000;伊犁哈萨克自治州
3153;31;654002;伊宁市
3154;31;654003;奎屯市
3155;31;654021;伊宁县
3156;31;654022;察布查尔锡伯自治县
3157;31;654023;霍城县
3158;31;654024;巩留县
3159;31;654025;新源县
3160;31;654026;昭苏县
3161;31;654027;特克斯县
3162;31;654028;尼勒克县
3163;31;654200;塔城地区
3164;31;654201;塔城市
3165;31;654202;乌苏市
3166;31;654221;额敏县
3167;31;654223;沙湾县
3168;31;654224;托里县
3169;31;654225;裕民县
3170;31;654226;和布克赛尔蒙古自治县
3171;31;654300;阿勒泰地区
3172;31;654301;阿勒泰市
3173;31;654321;布尔津县
3174;31;654322;富蕴县
3175;31;654323;福海县
3176;31;654324;哈巴河县
3177;31;654325;青河县
3178;31;654326;吉木乃县
3179;31;659001;石河子市
3180;31;659002;阿拉尔市
3181;31;659003;图木舒克市
3182;31;659004;五家渠市
